"Uge";"Aldersgruppe";"Testede pr. 100.000 borgere";"Positive pr. 100.000 borgere";"Nyindlagte pr. 100.000 borgere";"Antal testede";"Antal positive"
2020-U04;00-02;0;0;0,0;0;0
2020-U04;03-05;0;0;0,0;0;0
2020-U04;06-11;0;0;0,0;0;0
2020-U04;12-15;0;0;0,0;0;0
2020-U04;16-19;0;0;0,0;0;0
2020-U04;20-39;0;0;0,0;0;0
2020-U04;40-64;0;0;0,0;0;0
2020-U04;65-79;0;0;0,0;0;0
2020-U04;80+;0;0;0,0;0;0
2020-U05;65-79;0;0;0,0;1;0
2020-U07;40-64;0;0;0,0;1;0
2020-U08;20-39;0;0;0,0;5;0
2020-U08;40-64;0;0;0,0;1;0
2020-U09;00-02;3;0;0,0;6;0
2020-U09;03-05;4;0;0,0;7;0
2020-U09;06-11;12;0;0,0;45;0
2020-U09;12-15;16;0;0,4;44;1
2020-U09;16-19;13;0;0,0;36;0
2020-U09;20-39;5;0;0,0;73;0
2020-U09;40-64;6;0;0,0;110;3
2020-U09;65-79;1;0;0,0;6;0
2020-U09;80+;1;0;0,0;2;0
2020-U10;00-02;12;0;0,0;22;0
2020-U10;03-05;14;0;0,0;26;0
2020-U10;06-11;16;0;0,0;61;0
2020-U10;12-15;14;0;0,0;38;1
2020-U10;16-19;18;1;0,0;50;2
2020-U10;20-39;15;2;0,1;219;25
2020-U10;40-64;17;2;0,3;330;44
2020-U10;65-79;3;0;0,0;28;4
2020-U10;80+;5;1;1,1;13;4
2020-U11;00-02;92;2;1,1;172;4
2020-U11;03-05;39;0;0,0;71;0
2020-U11;06-11;36;2;0,3;140;7
2020-U11;12-15;37;3;0,4;100;8
2020-U11;16-19;69;8;0,4;191;21
2020-U11;20-39;90;17;0,8;1335;258
2020-U11;40-64;95;24;3,2;1823;458
2020-U11;65-79;77;6;4,0;683;49
2020-U11;80+;143;8;7,6;395;22
2020-U12;00-02;159;1;0,0;298;2
2020-U12;03-05;38;0;0,0;69;0
2020-U12;06-11;12;0;0,0;48;1
2020-U12;12-15;15;0;0,0;40;0
2020-U12;16-19;31;0;0,0;87;1
2020-U12;20-39;108;5;1,5;1605;75
2020-U12;40-64;148;12;5,4;2825;230
2020-U12;65-79;163;17;13,5;1452;153
2020-U12;80+;314;32;30,2;863;89
2020-U13;00-02;133;3;1,1;249;5
2020-U13;03-05;21;0;0,0;38;0
2020-U13;06-11;18;0;0,0;68;0
2020-U13;12-15;26;1;0,7;70;3
2020-U13;16-19;51;3;1,4;143;9
2020-U13;20-39;149;12;1,8;2207;174
2020-U13;40-64;214;26;9,0;4089;493
2020-U13;65-79;215;34;26,8;1918;307
2020-U13;80+;418;51;39,2;1152;141
2020-U14;00-02;235;4;1,1;440;7
2020-U14;03-05;96;1;0,5;175;2
2020-U14;06-11;89;3;0,0;343;13
2020-U14;12-15;106;4;0,0;289;12
2020-U14;16-19;185;12;0,7;513;32
2020-U14;20-39;476;37;2,0;7066;549
2020-U14;40-64;685;54;7,3;13107;1037
2020-U14;65-79;441;32;14,4;3930;281
2020-U14;80+;777;76;36,0;2140;210
2020-U15;00-02;289;6;1,1;541;11
2020-U15;03-05;175;3;0,0;320;5
2020-U15;06-11;139;5;0,0;533;21
2020-U15;12-15;139;7;0,4;381;18
2020-U15;16-19;255;17;0,0;709;48
2020-U15;20-39;495;34;1,4;7346;509
2020-U15;40-64;624;37;5,0;11941;708
2020-U15;65-79;435;21;7,9;3881;185
2020-U15;80+;636;46;25,3;1757;128
2020-U16;00-02;330;4;0,5;617;8
2020-U16;03-05;205;1;0,0;375;2
2020-U16;06-11;229;5;0,0;879;18
2020-U16;12-15;149;5;0,4;407;15
2020-U16;16-19;285;10;0,4;793;28
2020-U16;20-39;476;24;1,1;7072;352
2020-U16;40-64;615;27;3,9;11766;507
2020-U16;65-79;446;13;7,1;3980;117
2020-U16;80+;748;46;23,9;2068;126
2020-U17;00-02;840;2;1,1;1572;3
2020-U17;03-05;634;5;0,0;1162;10
2020-U17;06-11;724;8;0,0;2777;31
2020-U17;12-15;489;8;0,4;1338;23
2020-U17;16-19;711;17;0,7;1975;48
2020-U17;20-39;1383;27;0,9;20532;397
2020-U17;40-64;1778;26;2,9;34008;488
2020-U17;65-79;1115;17;6,8;9939;150
2020-U17;80+;1664;50;26,4;4598;138
2020-U18;00-02;960;9;0,5;1797;16
2020-U18;03-05;720;9;0,0;1321;16
2020-U18;06-11;1035;10;0,0;3971;39
2020-U18;12-15;656;12;0,4;1796;32
2020-U18;16-19;928;12;0,4;2578;33
2020-U18;20-39;1791;21;1,2;26601;314
2020-U18;40-64;2278;19;1,5;43569;368
2020-U18;65-79;1468;9;3,6;13087;84
2020-U18;80+;2008;28;15,2;5549;77
2020-U19;00-02;791;8;0,5;1482;15
2020-U19;03-05;534;3;0,0;980;5
2020-U19;06-11;686;7;0,0;2625;28
2020-U19;12-15;535;9;0,4;1462;25
2020-U19;16-19;885;8;0,4;2456;21
2020-U19;20-39;1568;14;0,5;23287;203
2020-U19;40-64;1882;14;1,2;35995;263
2020-U19;65-79;1352;7;2,8;12077;61
2020-U19;80+;2058;14;7,9;5705;38
2020-U20;00-02;900;5;0,0;1686;9
2020-U20;03-05;608;5;0,0;1116;9
2020-U20;06-11;713;4;0,0;2728;17
2020-U20;12-15;661;5;0,0;1808;13
2020-U20;16-19;944;9;0,0;2619;24
2020-U20;20-39;1558;10;0,3;23144;151
2020-U20;40-64;1810;8;1,3;34608;147
2020-U20;65-79;1418;4;1,5;12664;39
2020-U20;80+;2068;9;6,9;5734;24
2020-U21;00-02;889;5;0,0;1666;9
2020-U21;03-05;597;4;0,0;1097;8
2020-U21;06-11;531;4;0,0;2031;17
2020-U21;12-15;582;3;0,0;1591;8
2020-U21;16-19;1258;4;0,0;3489;12
2020-U21;20-39;1874;9;0,5;27844;136
2020-U21;40-64;1503;7;1,0;28737;139
2020-U21;65-79;1291;4;2,7;11528;34
2020-U21;80+;1696;8;4,0;4702;21
2020-U22;00-02;1018;3;1,1;1907;6
2020-U22;03-05;680;2;0,0;1248;4
2020-U22;06-11;594;3;0,0;2273;11
2020-U22;12-15;799;2;0,0;2185;5
2020-U22;16-19;1078;7;0,4;2992;20
2020-U22;20-39;1692;6;0,5;25131;96
2020-U22;40-64;1648;5;0,5;31522;95
2020-U22;65-79;1782;4;1,6;15922;40
2020-U22;80+;1875;8;5,0;5198;23
2020-U23;00-02;1094;3;0,5;2035;6
2020-U23;03-05;738;3;0,0;1349;5
2020-U23;06-11;541;3;0,0;2058;12
2020-U23;12-15;626;4;0,0;1708;10
2020-U23;16-19;1004;3;0,0;2765;8
2020-U23;20-39;1445;5;0,2;21254;80
2020-U23;40-64;1348;4;0,7;25711;85
2020-U23;65-79;1480;3;0,9;13204;30
2020-U23;80+;1698;4;3,2;4719;12
2020-U24;00-02;1879;2;0,0;3495;3
2020-U24;03-05;1510;3;0,0;2761;5
2020-U24;06-11;1102;5;0,3;4194;19
2020-U24;12-15;999;1;0,0;2724;4
2020-U24;16-19;1199;4;0,0;3303;12
2020-U24;20-39;2079;6;0,1;30575;86
2020-U24;40-64;1558;5;0,3;29698;87
2020-U24;65-79;1564;4;0,7;13956;38
2020-U24;80+;1768;6;1,8;4913;17
2020-U25;00-02;2204;1;0,0;4100;2
2020-U25;03-05;2004;2;0,0;3664;4
2020-U25;06-11;1624;4;0,0;6185;15
2020-U25;12-15;1333;5;0,0;3635;13
2020-U25;16-19;1480;6;0,0;4077;17
2020-U25;20-39;2437;7;0,5;35852;103
2020-U25;40-64;1836;7;0,5;35006;126
2020-U25;65-79;1637;4;1,5;14606;32
2020-U25;80+;2036;4;1,4;5659;10
2020-U26;00-02;2009;4;0,5;3736;8
2020-U26;03-05;1670;2;0,0;3054;4
2020-U26;06-11;1586;2;0,3;6039;9
2020-U26;12-15;1346;3;0,0;3672;7
2020-U26;16-19;1337;1;0,0;3682;4
2020-U26;20-39;2326;4;0,3;34207;55
2020-U26;40-64;1860;3;0,3;35463;49
2020-U26;65-79;1875;4;1,6;16728;40
2020-U26;80+;2449;6;2,2;6806;16
2020-U27;00-02;1422;1;0,0;2645;2
2020-U27;03-05;1005;1;0,0;1838;1
2020-U27;06-11;875;1;0,0;3333;5
2020-U27;12-15;934;1;0,0;2547;4
2020-U27;16-19;1575;2;0,0;4338;6
2020-U27;20-39;2138;3;0,0;31447;43
2020-U27;40-64;1757;2;0,2;33497;41
2020-U27;65-79;1797;1;0,4;16037;13
2020-U27;80+;2484;3;2,5;6903;8
2020-U28;00-02;1104;2;0,5;2046;3
2020-U28;03-05;740;0;0,0;1358;0
2020-U28;06-11;604;2;0,0;2296;6
2020-U28;12-15;873;2;0,0;2383;6
2020-U28;16-19;1630;5;0,0;4480;13
2020-U28;20-39;2113;5;0,2;31064;69
2020-U28;40-64;1698;3;0,3;32361;59
2020-U28;65-79;1722;1;0,6;15377;11
2020-U28;80+;2153;2;1,4;6007;5
2020-U29;00-02;1012;2;0,0;1875;3
2020-U29;03-05;650;1;0,0;1193;2
2020-U29;06-11;656;3;0,0;2493;12
2020-U29;12-15;1152;5;0,0;3146;14
2020-U29;16-19;1959;7;0,0;5383;20
2020-U29;20-39;2292;6;0,0;33695;84
2020-U29;40-64;1797;5;0,4;34243;98
2020-U29;65-79;1681;3;0,6;15014;23
2020-U29;80+;1976;4;1,8;5513;12
2020-U30;00-02;816;1;0,0;1513;2
2020-U30;03-05;528;3;0,0;969;5
2020-U30;06-11;564;2;0,0;2144;8
2020-U30;12-15;1349;5;0,0;3684;14
2020-U30;16-19;2129;6;0,0;5851;17
2020-U30;20-39;2386;5;0,1;35079;68
2020-U30;40-64;1959;5;0,5;37329;101
2020-U30;65-79;1743;2;0,8;15568;22
2020-U30;80+;1958;2;1,4;5463;6
2020-U31;00-02;874;2;0,0;1619;4
2020-U31;03-05;653;3;0,0;1199;5
2020-U31;06-11;706;2;0,0;2682;8
2020-U31;12-15;1620;7;0,0;4425;18
2020-U31;16-19;2536;8;0,0;6968;23
2020-U31;20-39;2816;14;0,4;41398;210
2020-U31;40-64;2516;10;0,6;47953;182
2020-U31;65-79;2160;3;0,3;19292;29
2020-U31;80+;2322;2;1,8;6477;6
2020-U32;00-02;1425;4;0,5;2648;7
2020-U32;03-05;1114;9;0,0;2046;16
2020-U32;06-11;1047;12;0,0;3974;47
2020-U32;12-15;2479;18;0,0;6770;50
2020-U32;16-19;3935;28;0,0;10806;76
2020-U32;20-39;3728;23;0,5;54783;339
2020-U32;40-64;3146;15;0,7;59961;292
2020-U32;65-79;2443;6;0,9;21863;52
2020-U32;80+;2380;3;1,1;6657;7
2020-U33;00-02;2136;6;0,0;3971;11
2020-U33;03-05;1935;8;0,0;3555;14
2020-U33;06-11;1962;14;0,0;7451;52
2020-U33;12-15;3062;21;0,0;8361;58
2020-U33;16-19;4559;39;0,0;12519;108
2020-U33;20-39;4907;24;0,1;72117;358
2020-U33;40-64;3882;13;0,7;74004;249
2020-U33;65-79;2964;4;0,8;26523;39
2020-U33;80+;2691;3;1,1;7527;9
2020-U34;00-02;2653;6;0,0;4932;11
2020-U34;03-05;2948;8;0,0;5416;15
2020-U34;06-11;4209;13;0,0;15983;49
2020-U34;12-15;5574;14;0,4;15220;39
2020-U34;16-19;6115;27;0,7;16793;73
2020-U34;20-39;5178;17;0,7;76102;256
2020-U34;40-64;4052;8;0,5;77246;146
2020-U34;65-79;2670;3;0,6;23897;23
2020-U34;80+;2416;3;1,8;6758;9
2020-U35;00-02;2702;3;0,5;5023;5
2020-U35;03-05;2893;3;0,0;5314;6
2020-U35;06-11;4628;5;0,3;17572;20
2020-U35;12-15;6016;12;0,0;16427;32
2020-U35;16-19;6277;19;0,0;17238;53
2020-U35;20-39;5080;17;0,1;74660;250
2020-U35;40-64;4045;10;0,5;77099;182
2020-U35;65-79;2606;5;1,0;23324;42
2020-U35;80+;2406;3;1,1;6732;8
2020-U36;00-02;2500;8;0,5;4652;14
2020-U36;03-05;2264;9;0,0;4163;17
2020-U36;06-11;4328;13;0,3;16393;50
2020-U36;12-15;6902;27;0,0;18897;75
2020-U36;16-19;6355;27;0,4;17434;73
2020-U36;20-39;5631;38;0,7;82713;559
2020-U36;40-64;4318;21;0,9;82290;397
2020-U36;65-79;2573;9;1,3;23029;84
2020-U36;80+;2371;6;0,7;6655;17
2020-U37;00-02;2843;17;0,0;5289;31
2020-U37;03-05;2793;14;0,0;5136;25
2020-U37;06-11;5157;36;0,3;19536;137
2020-U37;12-15;8727;62;0,0;23895;171
2020-U37;16-19;9149;57;1,5;25100;156
2020-U37;20-39;7074;49;0,7;103915;714
2020-U37;40-64;5880;40;1,5;112044;766
2020-U37;65-79;3274;21;2,7;29309;184
2020-U37;80+;2910;15;3,9;8168;43
2020-U38;00-02;2947;11;0,5;5483;21
2020-U38;03-05;2819;18;0,0;5183;33
2020-U38;06-11;4732;35;0,0;17924;131
2020-U38;12-15;8687;52;0,7;23784;142
2020-U38;16-19;10742;113;0,4;29470;310
2020-U38;20-39;7604;82;1,1;111700;1198
2020-U38;40-64;6262;55;2,0;119332;1054
2020-U38;65-79;3617;25;3,6;32377;225
2020-U38;80+;3279;25;8,2;9204;71
2020-U39;00-02;2814;18;0,5;5235;33
2020-U39;03-05;3085;30;0,0;5673;56
2020-U39;06-11;4538;57;0,0;17189;215
2020-U39;12-15;7408;74;0,7;20283;203
2020-U39;16-19;10366;139;0,4;28437;382
2020-U39;20-39;7727;88;1,3;113500;1299
2020-U39;40-64;6315;59;2,2;120345;1124
2020-U39;65-79;3621;26;4,6;32417;230
2020-U39;80+;3371;26;10,0;9461;74
2020-U40;00-02;2438;20;0,5;4536;38
2020-U40;03-05;2670;30;0,0;4910;56
2020-U40;06-11;3721;43;0,0;14095;162
2020-U40;12-15;6454;66;0,4;17672;180
2020-U40;16-19;8081;104;0,4;22169;284
2020-U40;20-39;6736;62;0,7;98956;913
2020-U40;40-64;5671;49;2,8;108063;925
2020-U40;65-79;3403;23;4,1;30461;202
2020-U40;80+;3218;15;8,6;9032;43
2020-U41;00-02;2255;15;0,5;4226;28
2020-U41;03-05;2842;16;0,0;5258;29
2020-U41;06-11;3946;34;0,3;14963;129
2020-U41;12-15;5954;72;0,4;16362;197
2020-U41;16-19;7386;85;0,4;20396;235
2020-U41;20-39;6380;57;1,1;94641;850
2020-U41;40-64;5645;49;2,1;107808;928
2020-U41;65-79;3148;24;2,8;28241;213
2020-U41;80+;2985;25;7,8;8414;70
2020-U42;00-02;1873;19;0,0;3510;35
2020-U42;03-05;2004;22;0,0;3709;41
2020-U42;06-11;2578;37;0,0;9775;142
2020-U42;12-15;3763;62;0,0;10341;170
2020-U42;16-19;5604;95;0,4;15475;263
2020-U42;20-39;5395;74;1,1;80029;1096
2020-U42;40-64;4489;54;2,5;85736;1039
2020-U42;65-79;2774;32;4,9;24882;287
2020-U42;80+;2953;27;11,0;8324;77
2020-U43;00-02;2365;40;1,1;4432;75
2020-U43;03-05;2809;43;0,0;5198;80
2020-U43;06-11;3748;78;0,3;14212;295
2020-U43;12-15;5900;111;0,0;16215;304
2020-U43;16-19;9269;226;0,7;25595;625
2020-U43;20-39;7335;137;1,6;108809;2035
2020-U43;40-64;6467;98;2,6;123505;1879
2020-U43;65-79;3686;44;5,4;33061;394
2020-U43;80+;3516;33;11,7;9910;92
2020-U44;00-02;3599;45;0,5;6746;85
2020-U44;03-05;5020;59;0,0;9289;109
2020-U44;06-11;7490;125;0,5;28400;474
2020-U44;12-15;11455;211;1,1;31481;581
2020-U44;16-19;12599;244;1,1;34790;673
2020-U44;20-39;9157;168;2,0;135836;2492
2020-U44;40-64;8061;129;4,9;153945;2463
2020-U44;65-79;4305;54;7,5;38616;488
2020-U44;80+;4130;41;14,5;11641;116
2020-U45;00-02;4101;64;1,6;7634;120
2020-U45;03-05;5565;87;0,0;10272;161
2020-U45;06-11;8432;132;0,3;31816;497
2020-U45;12-15;12576;209;0,7;34518;573
2020-U45;16-19;11319;196;1,1;31162;540
2020-U45;20-39;9308;160;2,8;137180;2363
2020-U45;40-64;8941;130;5,1;170412;2472
2020-U45;65-79;4761;56;10,1;42693;500
2020-U45;80+;4441;41;13,1;12550;115
2020-U46;00-02;3770;58;0,5;7017;108
2020-U46;03-05;5620;64;0,0;10373;118
2020-U46;06-11;9337;136;0,0;35231;512
2020-U46;12-15;12602;180;0,7;34590;493
2020-U46;16-19;10968;224;1,5;30196;618
2020-U46;20-39;9529;163;2,1;140428;2404
2020-U46;40-64;9463;133;5,4;180361;2535
2020-U46;65-79;5888;55;9,4;52801;493
2020-U46;80+;5456;50;18,0;15416;140
2020-U47;00-02;3807;53;2,7;7086;99
2020-U47;03-05;5789;72;0,0;10685;133
2020-U47;06-11;9664;146;0,3;36467;551
2020-U47;12-15;13303;246;0,0;36515;674
2020-U47;16-19;12174;250;0,4;33514;687
2020-U47;20-39;9494;180;2,3;139918;2651
2020-U47;40-64;9526;146;4,9;181564;2783
2020-U47;65-79;5667;64;9,6;50814;576
2020-U47;80+;5729;76;30,8;16189;215
2020-U48;00-02;3443;46;4,3;6409;86
2020-U48;03-05;5928;75;0,0;10941;139
2020-U48;06-11;9797;149;0,0;36969;561
2020-U48;12-15;12951;236;0,0;35548;648
2020-U48;16-19;12869;304;0,4;35428;838
2020-U48;20-39;9565;188;1,6;140957;2772
2020-U48;40-64;9407;151;5,1;179305;2870
2020-U48;65-79;5423;67;7,9;48630;602
2020-U48;80+;5713;74;25,5;16143;209
2020-U49;00-02;3753;61;1,6;6968;114
2020-U49;03-05;5749;108;0,0;10634;200
2020-U49;06-11;10279;212;0,5;38714;799
2020-U49;12-15;14681;373;0,0;40306;1024
2020-U49;16-19;16110;484;1,8;44290;1333
2020-U49;20-39;10855;280;2,8;160093;4132
2020-U49;40-64;10110;217;5,8;192545;4127
2020-U49;65-79;5093;85;14,4;45693;765
2020-U49;80+;5303;88;35,7;15025;250
2020-U50;00-02;5115;136;2,2;9497;252
2020-U50;03-05;7683;159;1,1;14211;295
2020-U50;06-11;13030;353;0,8;49075;1331
2020-U50;12-15;16633;554;1,5;45666;1521
2020-U50;16-19;19635;665;3,6;53980;1829
2020-U50;20-39;15347;523;4,9;226335;7714
2020-U50;40-64;12610;375;10,7;240151;7147
2020-U50;65-79;5723;152;19,5;51346;1360
2020-U50;80+;5420;161;47,3;15357;457
2020-U51;00-02;7108;185;8,1;13199;344
2020-U51;03-05;12071;252;2,2;22326;466
2020-U51;06-11;15973;442;1,3;60157;1665
2020-U51;12-15;15808;480;1,8;43402;1319
2020-U51;16-19;19776;722;4,0;54367;1986
2020-U51;20-39;20588;543;7,2;303632;8005
2020-U51;40-64;16427;430;16,5;312857;8196
2020-U51;65-79;8100;223;33,4;72669;1998
2020-U51;80+;6964;234;79,8;19731;662
2020-U52;00-02;5140;172;6,5;9545;319
2020-U52;03-05;9295;226;0,0;17192;418
2020-U52;06-11;10792;331;1,1;40643;1246
2020-U52;12-15;10337;284;0,7;28380;781
2020-U52;16-19;14341;386;2,9;39427;1060
2020-U52;20-39;14178;350;7,0;209089;5163
2020-U52;40-64;13088;308;17,1;249260;5857
2020-U52;65-79;6090;163;37,9;54636;1465
2020-U52;80+;5917;242;91,4;16764;686
2020-U53;00-02;2400;106;2,7;4456;196
2020-U53;03-05;4383;161;0,0;8106;298
2020-U53;06-11;5292;205;0,3;19932;771
2020-U53;12-15;7164;232;0,0;19669;636
2020-U53;16-19;13795;310;4,4;37926;851
2020-U53;20-39;12846;304;6,0;189453;4489
2020-U53;40-64;10460;256;14,4;199221;4870
2020-U53;65-79;5621;169;36,0;50428;1518
2020-U53;80+;6286;297;104,5;17812;842
2021-U01;00-02;2318;108;6,0;4281;200
2021-U01;03-05;3966;126;0,5;7311;232
2021-U01;06-11;4006;151;0,5;14973;566
2021-U01;12-15;6350;168;0,7;17350;458
2021-U01;16-19;13635;272;1,8;37295;745
2021-U01;20-39;12562;239;5,2;184507;3503
2021-U01;40-64;12236;202;12,7;231807;3831
2021-U01;65-79;6487;117;28,2;57955;1042
2021-U01;80+;6910;244;100,6;19511;690
2021-U02;00-02;2646;74;5,4;4887;137
2021-U02;03-05;4683;98;0,0;8633;181
2021-U02;06-11;3945;90;0,3;14744;338
2021-U02;12-15;5484;92;0,4;14982;250
2021-U02;16-19;9541;131;1,5;26098;359
2021-U02;20-39;11738;137;3,1;172405;2005
2021-U02;40-64;14982;134;10,2;283816;2543
2021-U02;65-79;6914;73;25,0;61772;652
2021-U02;80+;7002;186;69,4;19771;524
2021-U03;00-02;2873;56;2,2;5306;103
2021-U03;03-05;5049;80;0,5;9307;148
2021-U03;06-11;4370;69;0,0;16334;259
2021-U03;12-15;6096;74;0,4;16655;203
2021-U03;16-19;10612;82;1,5;29028;225
2021-U03;20-39;14851;110;3,3;218132;1610
2021-U03;40-64;19646;101;8,5;372181;1908
2021-U03;65-79;7631;57;19,6;68173;508
2021-U03;80+;6747;119;69,4;19052;335
2021-U04;00-02;2679;50;1,6;4948;93
2021-U04;03-05;4622;67;0,0;8520;123
2021-U04;06-11;4287;52;0,0;16023;193
2021-U04;12-15;6332;60;0,0;17299;163
2021-U04;16-19;11274;63;1,5;30839;171
2021-U04;20-39;15586;72;2,7;228930;1053
2021-U04;40-64;20771;66;5,2;393488;1251
2021-U04;65-79;7608;39;11,4;67975;344
2021-U04;80+;6185;72;36,5;17465;204
2021-U05;00-02;2297;40;2,2;4236;73
2021-U05;03-05;4178;42;0,5;7714;78
2021-U05;06-11;5735;47;0,5;21396;176
2021-U05;12-15;6592;48;0,0;18006;131
2021-U05;16-19;11943;54;0,7;32633;147
2021-U05;20-39;16131;67;1,6;236888;987
2021-U05;40-64;21632;55;3,3;409654;1049
2021-U05;65-79;7307;35;10,0;65344;309
2021-U05;80+;5520;50;20,2;15586;141
2021-U06;00-02;2281;24;2,7;4207;44
2021-U06;03-05;4557;41;0,0;8414;76
2021-U06;06-11;6810;60;0,3;25405;224
2021-U06;12-15;8538;49;0,7;23321;135
2021-U06;16-19;13451;53;0,7;36755;145
2021-U06;20-39;16242;58;2,0;238510;855
2021-U06;40-64;21688;49;3,6;410708;936
2021-U06;65-79;7311;25;7,5;65378;224
2021-U06;80+;4928;26;13,8;13914;73
2021-U07;00-02;2479;47;1,1;4572;87
2021-U07;03-05;5212;80;1,6;9622;148
2021-U07;06-11;8157;81;0,3;30430;303
2021-U07;12-15;9047;56;0,4;24711;152
2021-U07;16-19;14221;77;0,4;38859;210
2021-U07;20-39;16480;75;1,6;242005;1099
2021-U07;40-64;21859;57;3,5;413955;1075
2021-U07;65-79;8366;25;4,9;74817;227
2021-U07;80+;4906;22;15,2;13853;61
2021-U08;00-02;2956;53;1,6;5451;97
2021-U08;03-05;6038;69;0,5;11148;127
2021-U08;06-11;9916;89;0,3;36995;331
2021-U08;12-15;12377;70;0,4;33808;190
2021-U08;16-19;18526;83;1,1;50621;226
2021-U08;20-39;18509;83;2,2;271799;1225
2021-U08;40-64;24512;61;4,3;464199;1155
2021-U08;65-79;10344;28;5,3;92502;253
2021-U08;80+;5503;31;11,7;15540;88
2021-U09;00-02;3219;46;0,0;5939;84
2021-U09;03-05;7050;70;0,0;13042;129
2021-U09;06-11;12433;106;0,8;46292;393
2021-U09;12-15;13229;70;0,4;36115;190
2021-U09;16-19;18477;88;1,5;50441;240
2021-U09;20-39;20146;79;2,3;295850;1156
2021-U09;40-64;26524;60;4,4;502126;1143
2021-U09;65-79;10996;25;6,6;98411;223
2021-U09;80+;5491;24;11,7;15513;68
2021-U10;00-02;3331;43;0,5;6146;79
2021-U10;03-05;7394;79;0,5;13678;147
2021-U10;06-11;14718;110;0,0;54799;411
2021-U10;12-15;20448;77;0,4;55825;210
2021-U10;16-19;26577;99;0,7;72552;269
2021-U10;20-39;19958;86;2,1;293076;1256
2021-U10;40-64;25984;64;4,5;491899;1209
2021-U10;65-79;10068;21;6,3;90109;187
2021-U10;80+;4874;19;9,2;13769;53
2021-U11;00-02;3491;48;1,1;6441;88
2021-U11;03-05;7699;84;0,0;14242;156
2021-U11;06-11;18020;141;0,3;67094;524
2021-U11;12-15;30210;99;0,4;82475;269
2021-U11;16-19;29526;122;1,1;80602;332
2021-U11;20-39;20238;99;1,6;297190;1459
2021-U11;40-64;26762;74;4,9;506640;1401
2021-U11;65-79;10334;27;5,6;92483;246
2021-U11;80+;4775;17;9,9;13489;48
2021-U12;00-02;3562;55;2,2;6572;102
2021-U12;03-05;8479;69;0,0;15685;127
2021-U12;06-11;18402;138;0,0;68517;514
2021-U12;12-15;23329;100;0,0;63690;274
2021-U12;16-19;21730;130;1,1;59320;354
2021-U12;20-39;21363;116;3,3;313711;1708
2021-U12;40-64;26971;85;6,1;510581;1608
2021-U12;65-79;11098;31;7,4;99322;281
2021-U12;80+;4577;21;5,0;12930;60
2021-U13;00-02;2942;40;1,1;5427;73
2021-U13;03-05;8187;74;1,1;15145;136
2021-U13;06-11;17028;101;0,5;63401;375
2021-U13;12-15;23450;87;0,4;64020;238
2021-U13;16-19;25168;134;0,4;68706;365
2021-U13;20-39;20962;100;3,1;307827;1467
2021-U13;40-64;25157;74;5,9;476243;1409
2021-U13;65-79;12396;30;7,8;110944;267
2021-U13;80+;4545;20;9,9;12840;57
2021-U14;00-02;2018;38;0,5;3726;70
2021-U14;03-05;4876;58;0,0;9035;107
2021-U14;06-11;13818;83;0,3;51377;310
2021-U14;12-15;24771;101;0,0;67592;275
2021-U14;16-19;22076;174;1,8;60233;475
2021-U14;20-39;22152;106;3,3;325457;1558
2021-U14;40-64;29940;73;5,1;566525;1377
2021-U14;65-79;15229;30;5,8;136504;267
2021-U14;80+;5373;18;5,6;15231;51
2021-U15;00-02;3366;50;3,8;6216;92
2021-U15;03-05;7107;85;0,0;13169;157
2021-U15;06-11;14101;125;0,5;52429;466
2021-U15;12-15;20138;111;0,0;54950;302
2021-U15;16-19;19588;180;0,7;53444;491
2021-U15;20-39;24421;117;3,3;358806;1715
2021-U15;40-64;30111;80;5,1;569762;1518
2021-U15;65-79;12931;24;6,2;115905;219
2021-U15;80+;4736;13;4,9;13425;37
2021-U16;00-02;3878;35;2,2;7161;64
2021-U16;03-05;7874;80;0,0;14590;149
2021-U16;06-11;14727;128;0,0;54759;477
2021-U16;12-15;19812;130;0,0;54060;354
2021-U16;16-19;18354;138;1,5;50077;376
2021-U16;20-39;25834;106;3,5;379566;1552
2021-U16;40-64;31036;82;4,9;587262;1551
2021-U16;65-79;12538;24;4,9;112385;217
2021-U16;80+;4067;14;6,0;11531;39
2021-U17;00-02;3466;44;1,1;6400;81
2021-U17;03-05;7438;68;0,0;13782;126
2021-U17;06-11;14574;114;0,0;54187;424
2021-U17;12-15;19246;118;0,4;52515;322
2021-U17;16-19;17935;177;1,5;48934;483
2021-U17;20-39;24511;135;3,3;360126;1987
2021-U17;40-64;29477;92;5,5;557768;1743
2021-U17;65-79;10967;27;4,8;98297;244
2021-U17;80+;3457;7;3,5;9799;21
2021-U18;00-02;3909;54;0,5;7223;100
2021-U18;03-05;7715;72;0,0;14326;133
2021-U18;06-11;14693;118;0,3;54496;436
2021-U18;12-15;20119;136;0,0;54906;370
2021-U18;16-19;18671;298;0,4;50895;813
2021-U18;20-39;26220;161;3,2;385441;2365
2021-U18;40-64;32668;104;6,0;617900;1969
2021-U18;65-79;12446;30;3,9;111707;273
2021-U18;80+;3581;9;2,8;10200;27
2021-U19;00-02;3830;61;2,2;7078;112
2021-U19;03-05;8821;82;0,5;16378;152
2021-U19;06-11;16100;150;0,3;59714;558
2021-U19;12-15;21871;171;0,4;59686;468
2021-U19;16-19;22684;364;3,3;61835;992
2021-U19;20-39;25245;183;3,7;371109;2690
2021-U19;40-64;31526;105;6,3;596300;1995
2021-U19;65-79;11231;26;6,0;100805;230
2021-U19;80+;2781;9;2,8;7923;27
2021-U20;00-02;3244;54;4,3;5995;99
2021-U20;03-05;6991;72;0,0;12981;133
2021-U20;06-11;13033;101;0,5;48339;373
2021-U20;12-15;18106;150;0,4;49412;409
2021-U20;16-19;21618;357;0,7;58928;973
2021-U20;20-39;24861;186;3,5;365460;2732
2021-U20;40-64;30252;103;6,3;572209;1950
2021-U20;65-79;9258;22;1,9;83092;196
2021-U20;80+;2413;3;0,7;6875;9
2021-U21;00-02;3116;42;2,2;5759;78
2021-U21;03-05;6733;74;0,5;12501;137
2021-U21;06-11;12674;100;0,5;47006;371
2021-U21;12-15;18592;154;0,4;50739;420
2021-U21;16-19;18871;315;1,8;51442;859
2021-U21;20-39;22052;190;3,3;324163;2791
2021-U21;40-64;26173;102;5,8;495058;1934
2021-U21;65-79;5110;12;2,3;45869;105
2021-U21;80+;1910;7;2,1;5442;21
2021-U22;00-02;2992;43;2,2;5527;80
2021-U22;03-05;6869;47;0,5;12792;87
2021-U22;06-11;11627;110;0,0;43031;409
2021-U22;12-15;16965;149;0,7;46276;407
2021-U22;16-19;18580;308;1,1;50641;839
2021-U22;20-39;20565;159;3,1;302467;2339
2021-U22;40-64;22736;75;4,6;429978;1412
2021-U22;65-79;4230;9;1,7;38008;81
2021-U22;80+;1877;7;3,2;5370;21
2021-U23;00-02;2140;23;2,2;3953;42
2021-U23;03-05;4840;25;0,0;9014;46
2021-U23;06-11;8788;49;0,3;32523;183
2021-U23;12-15;13623;67;1,5;37160;184
2021-U23;16-19;13739;116;1,5;37447;317
2021-U23;20-39;17446;88;2,0;256582;1288
2021-U23;40-64;17462;38;4,1;330233;711
2021-U23;65-79;3021;5;0,9;27142;45
2021-U23;80+;1453;4;1,4;4159;12
2021-U24;00-02;1539;15;0,5;2842;28
2021-U24;03-05;3721;19;0,0;6929;35
2021-U24;06-11;6877;31;0,3;25453;115
2021-U24;12-15;10928;36;0,4;29808;97
2021-U24;16-19;10664;67;1,1;29066;182
2021-U24;20-39;15124;52;1,8;222444;762
2021-U24;40-64;13139;21;1,9;248482;398
2021-U24;65-79;2259;3;0,8;20295;26
2021-U24;80+;1163;5;2,4;3327;13
2021-U25;00-02;1531;8;0,5;2828;15
2021-U25;03-05;3806;13;0,0;7088;25
2021-U25;06-11;7467;19;0,0;27635;70
2021-U25;12-15;10877;25;0,4;29671;69
2021-U25;16-19;8798;38;0,0;23979;104
2021-U25;20-39;14881;49;1,3;218862;717
2021-U25;40-64;11083;15;1,1;209600;282
2021-U25;65-79;2120;2;0,9;19047;18
2021-U25;80+;1027;1;0,3;2940;4
2021-U26;00-02;2311;18;1,6;4268;34
2021-U26;03-05;6295;17;0,0;11723;32
2021-U26;06-11;9633;20;0,0;35653;74
2021-U26;12-15;14257;40;0,4;38890;109
2021-U26;16-19;14357;159;1,1;39130;433
2021-U26;20-39;17628;105;1,3;259271;1548
2021-U26;40-64;11657;22;0,4;220455;422
2021-U26;65-79;2268;3;0,2;20383;30
2021-U26;80+;1176;1;1,0;3366;4
2021-U27;00-02;2297;21;1,1;4245;39
2021-U27;03-05;6099;31;0,0;11379;58
2021-U27;06-11;9639;37;0,3;35625;137
2021-U27;12-15;14859;80;0,4;40527;217
2021-U27;16-19;17464;225;0,7;47541;612
2021-U27;20-39;18479;191;2,2;271967;2812
2021-U27;40-64;11339;37;0,8;214408;699
2021-U27;65-79;2419;6;0,9;21756;58
2021-U27;80+;1317;4;1,0;3783;11
2021-U28;00-02;2072;38;2,7;3829;71
2021-U28;03-05;5550;56;1,1;10355;104
2021-U28;06-11;9018;57;0,3;33328;212
2021-U28;12-15;14289;110;0,0;38973;299
2021-U28;16-19;16556;324;0,4;45070;881
2021-U28;20-39;17822;294;3,6;262308;4332
2021-U28;40-64;10067;46;1,3;190372;874
2021-U28;65-79;2266;8;1,1;20381;71
2021-U28;80+;1477;8;1,4;4241;22
2021-U29;00-02;1410;37;1,1;2605;68
2021-U29;03-05;3776;55;0,0;7045;103
2021-U29;06-11;7199;78;0,0;26608;287
2021-U29;12-15;12084;130;0,4;32958;354
2021-U29;16-19;12675;233;1,5;34504;635
2021-U29;20-39;14494;205;3,4;213318;3019
2021-U29;40-64;8133;38;1,3;153792;711
2021-U29;65-79;2112;10;0,8;18997;89
2021-U29;80+;1430;12;3,8;4107;34
2021-U30;00-02;1170;41;2,2;2162;76
2021-U30;03-05;3289;80;0,0;6137;150
2021-U30;06-11;6157;113;0,5;22754;416
2021-U30;12-15;10111;152;0,4;27576;415
2021-U30;16-19;10671;263;0,4;29050;715
2021-U30;20-39;12559;232;3,3;184838;3409
2021-U30;40-64;7510;52;2,3;142009;983
2021-U30;65-79;2229;12;1,2;20043;110
2021-U30;80+;1549;9;2,1;4449;26
2021-U31;00-02;1346;56;2,7;2488;103
2021-U31;03-05;3810;89;0,0;7122;167
2021-U31;06-11;6935;158;0,3;25600;585
2021-U31;12-15;11024;204;0,7;30056;555
2021-U31;16-19;9093;226;1,1;24732;616
2021-U31;20-39;10912;206;2,8;160712;3030
2021-U31;40-64;7422;61;2,4;140352;1157
2021-U31;65-79;2261;16;1,4;20351;145
2021-U31;80+;1605;12;4,5;4625;36
2021-U32;00-02;2275;83;4,9;4205;153
2021-U32;03-05;5516;142;1,6;10312;265
2021-U32;06-11;7550;221;0,3;27869;817
2021-U32;12-15;9794;250;1,8;26704;682
2021-U32;16-19;7493;201;1,8;20379;548
2021-U32;20-39;10316;199;4,8;151930;2933
2021-U32;40-64;7262;68;3,4;137321;1287
2021-U32;65-79;2467;19;1,8;22210;172
2021-U32;80+;1798;19;4,9;5181;56
2021-U33;00-02;3099;92;5,4;5727;170
2021-U33;03-05;8362;158;1,1;15633;296
2021-U33;06-11;12936;343;0,5;47749;1265
2021-U33;12-15;14238;287;0,7;38819;783
2021-U33;16-19;9680;164;2,6;26328;445
2021-U33;20-39;10223;160;5,1;150556;2349
2021-U33;40-64;8288;68;4,2;156739;1293
2021-U33;65-79;2676;26;3,6;24088;230
2021-U33;80+;1775;23;4,9;5117;67
2021-U34;00-02;3640;77;2,7;6727;142
2021-U34;03-05;9326;136;0,0;17434;255
2021-U34;06-11;15364;354;0,5;56711;1305
2021-U34;12-15;15374;245;1,5;41916;667
2021-U34;16-19;9746;126;2,2;26506;343
2021-U34;20-39;9939;124;4,4;146376;1825
2021-U34;40-64;9166;74;2,9;173330;1395
2021-U34;65-79;3096;29;4,4;27874;259
2021-U34;80+;2045;26;8,0;5895;74
2021-U35;00-02;2851;37;1,6;5269;68
2021-U35;03-05;6514;89;0,5;12178;166
2021-U35;06-11;10061;232;0,3;37136;855
2021-U35;12-15;10930;160;1,5;29799;437
2021-U35;16-19;7128;78;1,1;19386;213
2021-U35;20-39;8113;92;4,0;119485;1352
2021-U35;40-64;7455;58;3,3;140979;1093
2021-U35;65-79;2849;23;3,0;25653;209
2021-U35;80+;2183;29;10,1;6292;83
2021-U36;00-02;2123;33;1,6;3931;61
2021-U36;03-05;4713;65;1,1;8821;121
2021-U36;06-11;6673;163;0,3;24599;602
2021-U36;12-15;6949;85;0,4;18962;231
2021-U36;16-19;5893;58;0,0;16038;158
2021-U36;20-39;6791;71;2,9;100080;1048
2021-U36;40-64;6353;40;3,0;120135;756
2021-U36;65-79;2722;20;3,1;24532;184
2021-U36;80+;2261;24;7,6;6541;70
2021-U37;00-02;1467;17;1,1;2715;31
2021-U37;03-05;3509;33;0,0;6568;61
2021-U37;06-11;5274;122;0,5;19443;450
2021-U37;12-15;4949;61;0,0;13506;166
2021-U37;16-19;4455;29;0,0;12125;79
2021-U37;20-39;5382;46;1,4;79307;682
2021-U37;40-64;5319;27;1,6;100577;519
2021-U37;65-79;2454;15;1,9;22116;138
2021-U37;80+;1829;18;6,6;5293;51
2021-U38;00-02;1384;17;0,5;2563;32
2021-U38;03-05;3545;40;0,5;6636;75
2021-U38;06-11;5472;140;0,3;20170;516
2021-U38;12-15;4316;71;0,0;11778;195
2021-U38;16-19;3696;36;0,4;10058;99
2021-U38;20-39;4640;47;1,0;68372;688
2021-U38;40-64;4983;32;1,1;94217;612
2021-U38;65-79;2354;22;3,0;21217;199
2021-U38;80+;1819;27;9,3;5262;79
2021-U39;00-02;1198;23;0,5;2217;43
2021-U39;03-05;3182;43;0,0;5955;81
2021-U39;06-11;6130;181;0,0;22597;667
2021-U39;12-15;4562;71;0,4;12449;193
2021-U39;16-19;3812;42;0,4;10373;113
2021-U39;20-39;4448;57;1,4;65548;835
2021-U39;40-64;5069;43;1,2;95844;814
2021-U39;65-79;2512;24;2,9;22642;212
2021-U39;80+;1926;19;4,5;5572;56
2021-U40;00-02;1260;32;1,1;2339;60
2021-U40;03-05;3756;69;0,0;7029;130
2021-U40;06-11;7601;241;0,0;27999;889
2021-U40;12-15;5453;93;0,7;14881;254
2021-U40;16-19;4337;57;1,5;11859;156
2021-U40;20-39;4781;74;2,1;70657;1098
2021-U40;40-64;5489;57;1,5;103776;1072
2021-U40;65-79;2545;34;2,2;22955;303
2021-U40;80+;1919;29;8,6;5565;85
2021-U41;00-02;1328;27;1,1;2465;50
2021-U41;03-05;4387;72;0,0;8210;135
2021-U41;06-11;11527;269;0,3;42460;990
2021-U41;12-15;10357;99;0,0;28262;271
2021-U41;16-19;7317;69;0,7;20006;188
2021-U41;20-39;6444;93;2,2;95232;1381
2021-U41;40-64;7344;78;2,6;138843;1470
2021-U41;65-79;3068;50;5,4;27666;447
2021-U41;80+;2248;35;10,0;6516;102
2021-U42;00-02;1538;51;2,2;2854;94
2021-U42;03-05;4865;139;0,5;9105;261
2021-U42;06-11;9816;311;0,8;36157;1146
2021-U42;12-15;9025;166;0,4;24628;453
2021-U42;16-19;7126;113;1,5;19485;310
2021-U42;20-39;7721;170;3,4;114109;2513
2021-U42;40-64;9981;145;3,2;188706;2748
2021-U42;65-79;6550;108;6,8;59067;970
2021-U42;80+;4342;77;22,4;12588;224
2021-U43;00-02;2074;86;2,2;3849;160
2021-U43;03-05;7291;190;0,5;13646;356
2021-U43;06-11;12496;450;0,5;46030;1656
2021-U43;12-15;11727;229;1,1;32001;626
2021-U43;16-19;9890;206;1,5;27042;562
2021-U43;20-39;10912;232;3,9;161272;3425
2021-U43;40-64;13508;194;4,4;255379;3670
2021-U43;65-79;8201;136;10,2;73957;1230
2021-U43;80+;5411;91;19,0;15688;264
2021-U44;00-02;3449;104;6,0;6326;190
2021-U44;03-05;13731;280;0,5;25699;524
2021-U44;06-11;23963;947;2,2;88228;3487
2021-U44;12-15;17732;310;1,1;48332;846
2021-U44;16-19;12649;221;0,4;34660;605
2021-U44;20-39;13790;279;5,3;204290;4129
2021-U44;40-64;17148;242;5,7;324173;4569
2021-U44;65-79;9163;153;10,6;82744;1383
2021-U44;80+;5908;107;24,7;17251;311
2021-U45;00-02;4654;159;4,9;8538;291
2021-U45;03-05;17943;389;0,0;33583;729
2021-U45;06-11;30919;1339;1,6;113838;4929
2021-U45;12-15;22934;468;1,1;62512;1277
2021-U45;16-19;15671;304;1,8;42940;834
2021-U45;20-39;17850;402;4,6;264434;5956
2021-U45;40-64;22247;350;6,4;420570;6618
2021-U45;65-79;11488;203;16,4;103743;1830
2021-U45;80+;6671;130;33,6;19480;381
2021-U46;00-02;5615;200;10,9;10301;366
2021-U46;03-05;20924;528;1,6;39162;989
2021-U46;06-11;34986;1572;4,1;128811;5789
2021-U46;12-15;26072;559;0,7;71067;1524
2021-U46;16-19;16116;412;0,7;44160;1129
2021-U46;20-39;19545;496;6,1;289546;7349
2021-U46;40-64;24023;442;8,0;454145;8357
2021-U46;65-79;10906;253;16,5;98487;2285
2021-U46;80+;6287;156;44,2;18359;455
2021-U47;00-02;5913;205;8,7;10846;376
2021-U47;03-05;22385;560;2,1;41898;1049
2021-U47;06-11;36097;1683;2,4;132902;6198
2021-U47;12-15;25651;542;1,1;69919;1478
2021-U47;16-19;17206;411;1,5;47144;1127
2021-U47;20-39;20814;490;7,8;308334;7255
2021-U47;40-64;26228;463;8,3;495825;8758
2021-U47;65-79;11512;275;17,4;103954;2487
2021-U47;80+;6563;141;34,2;19163;411
2021-U48;00-02;6222;287;10,4;11414;526
2021-U48;03-05;23055;643;2,7;43152;1204
2021-U48;06-11;36015;1970;2,7;132600;7253
2021-U48;12-15;25662;606;2,6;69949;1651
2021-U48;16-19;17881;559;3,3;48994;1533
2021-U48;20-39;22631;604;7,8;335251;8948
2021-U48;40-64;27086;560;9,4;512060;10579
2021-U48;65-79;11397;282;19,5;102915;2542
2021-U48;80+;6757;126;34,6;19731;368
2021-U49;00-02;8188;378;11,3;15219;703
2021-U49;03-05;28930;978;2,7;54139;1831
2021-U49;06-11;39583;2592;5,4;145733;9544
2021-U49;12-15;29694;877;0,7;80848;2389
2021-U49;16-19;21772;882;2,2;59743;2420
2021-U49;20-39;25676;917;9,4;381536;13632
2021-U49;40-64;28742;782;11,0;543208;14785
2021-U49;65-79;11230;302;19,4;101405;2731
2021-U49;80+;7421;143;37,7;21638;417
2021-U50;00-02;10340;521;18,3;19218;968
2021-U50;03-05;33845;1251;1,6;63336;2341
2021-U50;06-11;39243;2779;6,2;144479;10230
2021-U50;12-15;31936;1400;6,2;86953;3811
2021-U50;16-19;28178;2010;6,9;77323;5516
2021-U50;20-39;29883;1738;12,4;444059;25827
2021-U50;40-64;29548;1245;13,0;558446;23536
2021-U50;65-79;11632;338;19,3;105036;3051
2021-U50;80+;8291;182;37,4;24176;530
2021-U51;00-02;8632;568;21,5;16044;1055
2021-U51;03-05;24594;1199;2,7;46025;2244
2021-U51;06-11;22094;1552;3,3;81342;5715
2021-U51;12-15;22848;1428;2,9;62209;3889
2021-U51;16-19;25129;2454;6,2;68955;6735
2021-U51;20-39;25860;1977;13,3;384279;29384
2021-U51;40-64;25161;1430;14,6;475542;27026
2021-U51;65-79;11754;357;20,7;106137;3225
2021-U51;80+;9267;217;40,8;27021;632
2021-U52;00-02;5742;952;42,5;10672;1770
2021-U52;03-05;15396;1852;4,8;28811;3465
2021-U52;06-11;15674;2257;4,6;57708;8310
2021-U52;12-15;18524;2423;3,7;50435;6597
2021-U52;16-19;21805;3451;6,9;59835;9471
2021-U52;20-39;22733;3199;21,3;337806;47537
2021-U52;40-64;23153;2085;17,9;437576;39409
2021-U52;65-79;11909;870;24,1;107541;7859
2021-U52;80+;11099;668;59,3;32365;1949
2022-U01;00-02;6847;1393;38,6;12761;2597
2022-U01;03-05;19210;2728;6,4;35930;5102
2022-U01;06-11;19610;2636;6,0;72144;9696
2022-U01;12-15;25196;3307;8,4;68609;9006
2022-U01;16-19;34790;6153;13,5;95490;16889
2022-U01;20-39;25849;3578;21,2;384695;53250
2022-U01;40-64;26305;1792;16,7;497046;33867
2022-U01;65-79;10550;537;24,2;95312;4853
2022-U01;80+;11157;481;58,6;32554;1403
2022-U02;00-02;12240;2641;57,4;22813;4922
2022-U02;03-05;33238;6259;20,9;62168;11706
2022-U02;06-11;29004;6773;10,9;106705;24918
2022-U02;12-15;31140;6749;10,3;84795;18378
2022-U02;16-19;28715;6288;17,1;78817;17260
2022-U02;20-39;24975;3765;26,5;371694;56036
2022-U02;40-64;27080;2323;17,9;511691;43893
2022-U02;65-79;9846;552;23,4;88957;4984
2022-U02;80+;10368;433;57,9;30254;1262
2022-U03;00-02;14576;3541;84,2;27168;6599
2022-U03;03-05;37348;8557;30,5;69855;16005
2022-U03;06-11;37861;11029;16,6;139289;40575
2022-U03;12-15;40988;11891;17,3;111613;32381
2022-U03;16-19;31774;9086;23,3;87212;24938
2022-U03;20-39;27238;5373;33,7;405366;79970
2022-U03;40-64;31209;3953;18,6;589704;74688
2022-U03;65-79;10826;917;25,2;97810;8285
2022-U03;80+;11141;564;68,9;32507;1647
2022-U04;00-02;11463;3272;80,5;21365;6099
2022-U04;03-05;27692;7680;28,9;51795;14364
2022-U04;06-11;29893;10538;18,8;109973;38767
2022-U04;12-15;32763;12178;23,1;89216;33162
2022-U04;16-19;23609;7864;21,5;64803;21585
2022-U04;20-39;23360;5561;36,7;347651;82759
2022-U04;40-64;27044;4586;26,8;511013;86657
2022-U04;65-79;10356;1356;30,1;93565;12251
2022-U04;80+;11216;882;86,7;32726;2574
2022-U05;00-02;9637;3332;97,6;17965;6210
2022-U05;03-05;22085;7392;24,6;41343;13826
2022-U05;06-11;21907;8727;18,8;80395;32105
2022-U05;12-15;22888;10370;23,1;62392;28239
2022-U05;16-19;16115;6665;28,1;44179;18295
2022-U05;20-39;19715;5666;39,2;293423;84330
2022-U05;40-64;23128;4858;31,1;436925;91793
2022-U05;65-79;10230;1919;48,0;92462;17336
2022-U05;80+;11714;1248;122,7;34202;3641
2022-U06;00-02;8611;3202;123,9;16053;5969
2022-U06;03-05;17115;5952;19,8;32038;11141
2022-U06;06-11;15527;6051;15,8;56981;22207
2022-U06;12-15;16647;7084;24,9;45380;19312
2022-U06;16-19;16017;7547;18,6;43911;20690
2022-U06;20-39;20420;7075;42,8;303921;105297
2022-U06;40-64;21457;5324;35,3;405349;100573
2022-U06;65-79;11048;2759;62,2;99853;24940
2022-U06;80+;12492;1806;162,7;36474;5273
2022-U07;00-02;5541;2127;115,9;10330;3965
2022-U07;03-05;9580;3177;17,6;17933;5947
2022-U07;06-11;8538;2864;7,1;31332;10511
2022-U07;12-15;8607;3522;10,3;23463;9602
2022-U07;16-19;9252;3874;16,8;25364;10621
2022-U07;20-39;14807;4961;39,9;220379;73831
2022-U07;40-64;16861;4657;34,4;318527;87968
2022-U07;65-79;10704;3254;80,5;96744;29408
2022-U07;80+;12210;2346;198,6;35649;6849
2022-U08;00-02;3315;1209;64,9;6180;2254
2022-U08;03-05;5181;1611;10,7;9699;3016
2022-U08;06-11;4666;1376;4,6;17123;5049
2022-U08;12-15;5084;1799;11,4;13859;4905
2022-U08;16-19;5914;2009;11,3;16213;5507
2022-U08;20-39;9626;2810;29,6;143260;41825
2022-U08;40-64;12436;3123;30,1;234925;59005
2022-U08;65-79;8950;2666;81,5;80895;24094
2022-U08;80+;10498;2107;198,3;30651;6151
2022-U09;00-02;2308;779;53,1;4296;1453
2022-U09;03-05;3634;998;8,5;6807;1868
2022-U09;06-11;3840;976;4,6;14072;3581
2022-U09;12-15;3914;1238;6,2;10677;3374
2022-U09;16-19;4497;1275;10,6;12332;3495
2022-U09;20-39;6750;1803;20,9;100604;26837
2022-U09;40-64;9419;2319;25,3;177904;43817
2022-U09;65-79;7516;2291;75,6;67988;20709
2022-U09;80+;8933;1824;183,6;26136;5326
2022-U10;00-02;1427;403;28,5;2657;751
2022-U10;03-05;2317;441;4,3;4341;826
2022-U10;06-11;3036;576;3,5;11126;2109
2022-U10;12-15;3570;812;7,0;9737;2215
2022-U10;16-19;4001;846;5,8;10970;2319
2022-U10;20-39;5617;1267;14,2;83726;18889
2022-U10;40-64;7462;1724;20,3;140953;32566
2022-U10;65-79;6338;1809;63,2;57332;16365
2022-U10;80+;7709;1480;164,7;22556;4329
2022-U11;00-02;781;175;19,3;1453;326
2022-U11;03-05;1245;168;2,7;2332;315
2022-U11;06-11;1791;231;1,6;6563;846
2022-U11;12-15;2231;370;4,0;6084;1008
2022-U11;16-19;2342;380;6,9;6423;1041
2022-U11;20-39;3762;716;11,3;56065;10666
2022-U11;40-64;5060;1127;18,4;95569;21284
2022-U11;65-79;4715;1324;50,7;42648;11981
2022-U11;80+;6316;1140;150,0;18481;3336
2022-U12;00-02;631;124;17,7;1174;231
2022-U12;03-05;930;99;1,1;1742;185
2022-U12;06-11;1295;124;0,8;4744;453
2022-U12;12-15;1446;209;3,7;3945;571
2022-U12;16-19;1650;216;2,6;4525;593
2022-U12;20-39;2809;480;7,3;41869;7161
2022-U12;40-64;3839;785;14,3;72522;14836
2022-U12;65-79;3741;968;46,2;33840;8754
2022-U12;80+;5119;830;117,2;14978;2429
2022-U13;00-02;485;67;11,8;903;125
2022-U13;03-05;633;48;0,0;1185;89
2022-U13;06-11;842;70;0,5;3086;258
2022-U13;12-15;984;104;0,7;2685;284
2022-U13;16-19;1255;131;1,1;3440;359
2022-U13;20-39;2083;283;5,8;31046;4212
2022-U13;40-64;2913;527;10,8;55021;9955
2022-U13;65-79;2920;649;39,8;26418;5870
2022-U13;80+;4142;547;99,1;12118;1599
2022-U14;00-02;425;43;9,1;796;81
2022-U14;03-05;598;44;2,7;1118;82
2022-U14;06-11;852;50;0,8;3122;183
2022-U14;12-15;1096;89;0,4;2990;243
2022-U14;16-19;1253;95;2,2;3438;262
2022-U14;20-39;1797;217;5,6;26868;3245
2022-U14;40-64;2387;404;9,3;45082;7638
2022-U14;65-79;2422;518;33,5;21914;4688
2022-U14;80+;3589;453;85,3;10521;1328
2022-U15;00-02;327;35;8,0;611;66
2022-U15;03-05;433;30;0,5;810;57
2022-U15;06-11;456;34;0,3;1669;123
2022-U15;12-15;551;56;0,0;1504;153
2022-U15;16-19;588;59;0,4;1615;163
2022-U15;20-39;1214;156;4,5;18154;2332
2022-U15;40-64;1489;289;6,2;28131;5451
2022-U15;65-79;1733;373;26,7;15678;3375
2022-U15;80+;2808;330;80,2;8231;967
2022-U16;00-02;244;25;6,4;457;47
2022-U16;03-05;260;28;2,1;486;52
2022-U16;06-11;298;31;0,0;1091;115
2022-U16;12-15;474;58;0,4;1294;157
2022-U16;16-19;664;66;1,5;1823;182
2022-U16;20-39;1208;150;3,5;18062;2243
2022-U16;40-64;1593;257;6,4;30078;4847
2022-U16;65-79;1814;279;20,2;16412;2528
2022-U16;80+;2823;294;72,3;8276;861
2022-U17;00-02;228;24;3,2;427;45
2022-U17;03-05;232;16;0,5;433;29
2022-U17;06-11;265;20;0,0;971;72
2022-U17;12-15;387;35;0,0;1056;96
2022-U17;16-19;491;40;0,4;1348;111
2022-U17;20-39;1032;89;2,3;15431;1327
2022-U17;40-64;1304;157;4,4;24633;2956
2022-U17;65-79;1536;201;19,7;13898;1815
2022-U17;80+;2359;194;52,9;6914;568
2022-U18;00-02;228;22;4,8;425;41
2022-U18;03-05;211;14;0,0;395;26
2022-U18;06-11;260;19;0,3;954;70
2022-U18;12-15;350;24;0,7;956;66
2022-U18;16-19;460;30;0,0;1261;82
2022-U18;20-39;854;68;1,5;12780;1020
2022-U18;40-64;1130;136;4,6;21337;2577
2022-U18;65-79;1214;167;16,8;10988;1512
2022-U18;80+;1774;135;32,6;5227;397
2022-U19;00-02;198;17;3,2;369;31
2022-U19;03-05;199;6;0,0;372;12
2022-U19;06-11;252;14;0,3;922;51
2022-U19;12-15;417;20;0,7;1137;54
2022-U19;16-19;443;27;0,4;1215;73
2022-U19;20-39;748;60;1,3;11193;894
2022-U19;40-64;953;111;2,5;17997;2097
2022-U19;65-79;987;133;11,9;8935;1201
2022-U19;80+;1428;109;31,6;4207;321
2022-U20;00-02;192;10;2,1;358;18
2022-U20;03-05;173;7;0,0;323;14
2022-U20;06-11;219;10;0,3;804;38
2022-U20;12-15;367;30;0,0;1002;81
2022-U20;16-19;336;15;1,1;922;42
2022-U20;20-39;678;47;1,1;10153;704
2022-U20;40-64;900;102;2,8;17006;1918
2022-U20;65-79;903;107;10,7;8179;973
2022-U20;80+;1284;90;25,5;3782;264
2022-U21;00-02;152;8;1,1;284;15
2022-U21;03-05;132;5;0,5;248;10
2022-U21;06-11;185;9;0,0;677;34
2022-U21;12-15;375;16;0,4;1023;45
2022-U21;16-19;271;13;0,4;743;37
2022-U21;20-39;534;40;0,9;7999;604
2022-U21;40-64;679;76;2,0;12833;1441
2022-U21;65-79;729;92;9,2;6596;834
2022-U21;80+;1085;70;20,0;3196;205
2022-U22;00-02;163;8;3,8;304;14
2022-U22;03-05;136;5;0,0;254;10
2022-U22;06-11;174;11;0,0;637;39
2022-U22;12-15;307;9;0,0;837;25
2022-U22;16-19;245;16;0,4;671;43
2022-U22;20-39;534;45;1,3;7994;677
2022-U22;40-64;695;94;1,9;13120;1769
2022-U22;65-79;705;103;7,7;6381;935
2022-U22;80+;948;75;22,7;2794;220
2022-U23;00-02;181;15;3,2;337;28
2022-U23;03-05;169;11;0,0;318;20
2022-U23;06-11;218;16;0,0;802;59
2022-U23;12-15;334;22;0,0;912;60
2022-U23;16-19;278;29;0,7;763;80
2022-U23;20-39;576;84;1,3;8642;1261
2022-U23;40-64;803;143;2,4;15174;2707
2022-U23;65-79;788;137;8,8;7139;1244
2022-U23;80+;917;84;23,3;2715;249
2022-U24;00-02;230;25;6,4;428;47
2022-U24;03-05;250;14;0,5;470;27
2022-U24;06-11;333;15;0,5;1224;56
2022-U24;12-15;428;41;0,4;1170;112
2022-U24;16-19;329;44;1,1;905;122
2022-U24;20-39;728;123;1,4;10916;1840
2022-U24;40-64;944;201;3,5;17836;3804
2022-U24;65-79;948;195;13,5;8592;1767
2022-U24;80+;1231;123;29,7;3645;363
2022-U25;00-02;277;33;12,4;516;62
2022-U25;03-05;304;18;0,0;570;34
2022-U25;06-11;426;23;0,5;1566;85
2022-U25;12-15;692;39;1,1;1890;107
2022-U25;16-19;573;44;0,7;1574;122
2022-U25;20-39;794;162;2,6;11912;2436
2022-U25;40-64;1010;253;5,5;19095;4776
2022-U25;65-79;1046;244;17,1;9482;2211
2022-U25;80+;1434;163;45,6;4247;483
2022-U26;00-02;315;34;6,4;587;63
2022-U26;03-05;386;27;0,0;724;50
2022-U26;06-11;489;34;0,0;1796;126
2022-U26;12-15;816;55;0,7;2230;149
2022-U26;16-19;921;136;1,5;2529;373
2022-U26;20-39;1067;236;4,2;16004;3536
2022-U26;40-64;1152;296;5,3;21773;5592
2022-U26;65-79;1188;288;18,3;10771;2612
2022-U26;80+;1974;195;51,7;5843;577
2022-U27;00-02;326;52;12,3;608;97
2022-U27;03-05;390;41;1,6;734;78
2022-U27;06-11;480;40;0,5;1767;146
2022-U27;12-15;737;72;0,4;2016;197
2022-U27;16-19;1046;186;5,1;2884;514
2022-U27;20-39;1313;327;4,6;19728;4914
2022-U27;40-64;1290;354;6,2;24407;6700
2022-U27;65-79;1201;296;19,6;10892;2681
2022-U27;80+;1906;200;63,9;5673;595
2022-U28;00-02;298;62;10,2;557;115
2022-U28;03-05;413;49;1,6;778;92
2022-U28;06-11;533;63;0,3;1963;232
2022-U28;12-15;717;94;0,4;1963;258
2022-U28;16-19;955;152;4,0;2635;418
2022-U28;20-39;1181;267;5,0;17737;4012
2022-U28;40-64;1265;336;6,9;23944;6361
2022-U28;65-79;1330;341;28,7;12064;3097
2022-U28;80+;2482;288;86,0;7387;858
2022-U29;00-02;248;59;15,5;463;111
2022-U29;03-05;361;51;1,1;679;96
2022-U29;06-11;453;64;0,3;1667;237
2022-U29;12-15;604;93;0,4;1652;255
2022-U29;16-19;720;114;1,5;1985;313
2022-U29;20-39;960;216;3,9;14422;3247
2022-U29;40-64;1134;289;7,2;21461;5472
2022-U29;65-79;1324;300;31,2;12008;2720
2022-U29;80+;2552;262;82,0;7594;779
2022-U30;00-02;221;52;12,3;413;97
2022-U30;03-05;296;52;1,6;558;97
2022-U30;06-11;406;79;0,5;1494;289
2022-U30;12-15;452;81;0,7;1236;221
2022-U30;16-19;512;90;1,5;1411;248
2022-U30;20-39;811;184;3,5;12188;2760
2022-U30;40-64;951;234;5,3;17996;4435
2022-U30;65-79;1113;219;23,3;10097;1987
2022-U30;80+;2413;177;62,8;7180;527
2022-U31;00-02;196;54;10,7;366;101
2022-U31;03-05;248;52;1,1;467;98
2022-U31;06-11;354;73;0,8;1305;269
2022-U31;12-15;396;86;0,4;1085;235
2022-U31;16-19;483;103;4,0;1332;283
2022-U31;20-39;704;167;3,1;10594;2507
2022-U31;40-64;848;227;5,0;16061;4305
2022-U31;65-79;998;217;19,3;9063;1967
2022-U31;80+;2093;173;60,5;6257;516
2022-U32;00-02;278;65;13,4;519;121
2022-U32;03-05;307;69;2,1;578;130
2022-U32;06-11;327;91;1,1;1206;336
2022-U32;12-15;339;87;0,4;928;239
2022-U32;16-19;450;121;1,8;1242;333
2022-U32;20-39;811;214;3,6;12201;3218
2022-U32;40-64;931;274;5,8;17625;5188
2022-U32;65-79;975;220;20,9;8854;1997
2022-U32;80+;1873;176;53,5;5599;526
2022-U33;00-02;275;49;8,0;513;92
2022-U33;03-05;360;62;1,1;679;117
2022-U33;06-11;404;84;1,4;1487;308
2022-U33;12-15;443;91;0,7;1214;250
2022-U33;16-19;476;92;1,5;1313;254
2022-U33;20-39;809;149;3,0;12171;2234
2022-U33;40-64;1001;184;5,2;18949;3474
2022-U33;65-79;954;174;18,4;8660;1579
2022-U33;80+;2094;161;54,2;6261;481
2022-U34;00-02;270;37;8,6;504;69
2022-U34;03-05;298;33;0,5;562;63
2022-U34;06-11;353;49;0,5;1299;180
2022-U34;12-15;409;51;0,7;1121;141
2022-U34;16-19;416;57;0,7;1148;156
2022-U34;20-39;699;104;2,1;10507;1566
2022-U34;40-64;884;136;4,0;16737;2580
2022-U34;65-79;839;138;14,4;7617;1257
2022-U34;80+;1785;115;42,8;5336;344
2022-U35;00-02;236;16;5,9;439;30
2022-U35;03-05;237;21;1,6;447;39
2022-U35;06-11;275;23;0,3;1012;85
2022-U35;12-15;301;30;0,4;824;83
2022-U35;16-19;355;38;0,4;978;105
2022-U35;20-39;646;75;2,2;9723;1128
2022-U35;40-64;890;107;3,0;16848;2033
2022-U35;65-79;809;121;12,3;7343;1099
2022-U35;80+;1548;100;27,1;4629;300
2022-U36;00-02;236;15;5,9;440;28
2022-U36;03-05;195;12;0,0;368;22
2022-U36;06-11;225;21;0,0;831;79
2022-U36;12-15;313;26;0,4;859;70
2022-U36;16-19;375;34;0,0;1035;94
2022-U36;20-39;642;79;1,3;9653;1190
2022-U36;40-64;906;121;3,0;17162;2286
2022-U36;65-79;866;139;13,5;7865;1259
2022-U36;80+;1613;122;36,6;4845;365
2022-U37;00-02;243;16;4,3;453;30
2022-U37;03-05;185;13;0,5;348;24
2022-U37;06-11;194;20;0,0;717;75
2022-U37;12-15;255;28;0,0;700;76
2022-U37;16-19;318;28;0,0;878;78
2022-U37;20-39;627;65;1,3;9433;976
2022-U37;40-64;933;115;3,4;17675;2178
2022-U37;65-79;872;154;14,8;7918;1396
2022-U37;80+;1697;128;37,0;5095;385
2022-U38;00-02;285;19;3,8;530;35
2022-U38;03-05;242;12;0,0;456;23
2022-U38;06-11;221;23;0,3;817;85
2022-U38;12-15;252;30;0,0;690;81
2022-U38;16-19;324;33;0,4;894;92
2022-U38;20-39;639;76;2,1;9616;1150
2022-U38;40-64;998;153;4,2;18902;2903
2022-U38;65-79;1045;221;21,0;9488;2009
2022-U38;80+;1748;183;50,3;5248;550
2022-U39;00-02;335;25;5,4;624;47
2022-U39;03-05;322;20;1,6;607;37
2022-U39;06-11;259;27;0,3;956;101
2022-U39;12-15;273;30;0,0;749;83
2022-U39;16-19;356;33;1,1;984;91
2022-U39;20-39;741;101;2,5;11145;1517
2022-U39;40-64;1193;189;5,7;22595;3570
2022-U39;65-79;1196;257;24,2;10857;2331
2022-U39;80+;2163;232;65,9;6496;696
2022-U40;00-02;421;20;4,3;783;37
2022-U40;03-05;360;16;0,0;679;31
2022-U40;06-11;295;37;0,0;1087;138
2022-U40;12-15;309;41;0,4;847;112
2022-U40;16-19;341;45;1,4;946;126
2022-U40;20-39;754;115;2,7;11383;1743
2022-U40;40-64;1174;219;5,9;22230;4148
2022-U40;65-79;1212;275;27,2;11005;2501
2022-U40;80+;2282;214;73,0;6880;644
2022-U41;00-02;474;31;8,1;882;57
2022-U41;03-05;323;17;0,0;608;32
2022-U41;06-11;339;33;0,8;1252;120
2022-U41;12-15;373;44;1,8;1022;120
2022-U41;16-19;404;47;0,7;1121;129
2022-U41;20-39;755;109;2,5;11403;1644
2022-U41;40-64;1197;205;6,4;22678;3884
2022-U41;65-79;1155;255;33,8;10487;2312
2022-U41;80+;2341;227;91,2;7059;685
2022-U42;00-02;453;33;7,5;843;62
2022-U42;03-05;306;19;1,1;577;35
2022-U42;06-11;248;25;0,3;915;92
2022-U42;12-15;225;38;0,4;618;103
2022-U42;16-19;288;45;0,7;798;126
2022-U42;20-39;647;110;2,3;9764;1659
2022-U42;40-64;972;175;6,9;18411;3323
2022-U42;65-79;1005;183;26,4;9124;1659
2022-U42;80+;2206;175;65,7;6652;529
2022-U43;00-02;427;25;7,5;794;47
2022-U43;03-05;231;20;1,1;435;38
2022-U43;06-11;238;35;0,3;879;130
2022-U43;12-15;277;55;0,7;758;150
2022-U43;16-19;308;62;0,4;855;173
2022-U43;20-39;631;94;1,7;9532;1415
2022-U43;40-64;986;140;4,8;18670;2660
2022-U43;65-79;928;110;18,5;8422;1000
2022-U43;80+;1966;123;52,4;5927;372
2022-U44;00-02;425;19;7,0;788;36
2022-U44;03-05;254;16;0,0;478;30
2022-U44;06-11;225;34;0,3;829;125
2022-U44;12-15;255;45;0,0;699;123
2022-U44;16-19;306;57;1,1;850;159
2022-U44;20-39;529;74;1,8;8018;1116
2022-U44;40-64;795;94;3,9;15052;1788
2022-U44;65-79;762;63;12,4;6919;575
2022-U44;80+;1751;75;33,5;5306;226
2022-U45;00-02;419;23;7,0;777;43
2022-U45;03-05;278;16;0,5;523;31
2022-U45;06-11;270;38;0,3;997;140
2022-U45;12-15;276;51;0,4;757;139
2022-U45;16-19;333;54;1,1;927;149
2022-U45;20-39;566;86;1,4;8578;1301
2022-U45;40-64;818;90;2,6;15485;1699
2022-U45;65-79;717;57;10,0;6512;517
2022-U45;80+;1548;61;27,1;4690;184
